/openbayes/home/pic/L18-137_0_1.png,/openbayes/home/label/L18-137_0_m7_mask_1.png
/openbayes/home/pic/L18-137_0_10.png,/openbayes/home/label/L18-137_0_m7_mask_10.png
/openbayes/home/pic/L18-137_0_11.png,/openbayes/home/label/L18-137_0_m7_mask_11.png
/openbayes/home/pic/L18-137_0_12.png,/openbayes/home/label/L18-137_0_m7_mask_12.png
/openbayes/home/pic/L18-137_0_13.png,/openbayes/home/label/L18-137_0_m7_mask_13.png
/openbayes/home/pic/L18-137_0_14.png,/openbayes/home/label/L18-137_0_m7_mask_14.png
/openbayes/home/pic/L18-137_0_15.png,/openbayes/home/label/L18-137_0_m7_mask_15.png
/openbayes/home/pic/L18-137_0_16.png,/openbayes/home/label/L18-137_0_m7_mask_16.png
/openbayes/home/pic/L18-137_0_2.png,/openbayes/home/label/L18-137_0_m7_mask_2.png
/openbayes/home/pic/L18-137_0_3.png,/openbayes/home/label/L18-137_0_m7_mask_3.png
/openbayes/home/pic/L18-137_0_4.png,/openbayes/home/label/L18-137_0_m7_mask_4.png
/openbayes/home/pic/L18-137_0_5.png,/openbayes/home/label/L18-137_0_m7_mask_5.png
/openbayes/home/pic/L18-137_0_6.png,/openbayes/home/label/L18-137_0_m7_mask_6.png
/openbayes/home/pic/L18-137_0_7.png,/openbayes/home/label/L18-137_0_m7_mask_7.png
/openbayes/home/pic/L18-137_0_8.png,/openbayes/home/label/L18-137_0_m7_mask_8.png
/openbayes/home/pic/L18-137_0_9.png,/openbayes/home/label/L18-137_0_m7_mask_9.png
/openbayes/home/pic/L18-137_10_1.png,/openbayes/home/label/L18-137_10_m7_mask_1.png
/openbayes/home/pic/L18-137_10_10.png,/openbayes/home/label/L18-137_10_m7_mask_10.png
/openbayes/home/pic/L18-137_10_11.png,/openbayes/home/label/L18-137_10_m7_mask_11.png
/openbayes/home/pic/L18-137_10_12.png,/openbayes/home/label/L18-137_10_m7_mask_12.png
/openbayes/home/pic/L18-137_10_13.png,/openbayes/home/label/L18-137_10_m7_mask_13.png
/openbayes/home/pic/L18-137_10_14.png,/openbayes/home/label/L18-137_10_m7_mask_14.png
/openbayes/home/pic/L18-137_10_15.png,/openbayes/home/label/L18-137_10_m7_mask_15.png
/openbayes/home/pic/L18-137_10_16.png,/openbayes/home/label/L18-137_10_m7_mask_16.png
/openbayes/home/pic/L18-137_10_2.png,/openbayes/home/label/L18-137_10_m7_mask_2.png
/openbayes/home/pic/L18-137_10_3.png,/openbayes/home/label/L18-137_10_m7_mask_3.png
/openbayes/home/pic/L18-137_10_4.png,/openbayes/home/label/L18-137_10_m7_mask_4.png
/openbayes/home/pic/L18-137_10_5.png,/openbayes/home/label/L18-137_10_m7_mask_5.png
/openbayes/home/pic/L18-137_10_6.png,/openbayes/home/label/L18-137_10_m7_mask_6.png
/openbayes/home/pic/L18-137_10_7.png,/openbayes/home/label/L18-137_10_m7_mask_7.png
/openbayes/home/pic/L18-137_10_8.png,/openbayes/home/label/L18-137_10_m7_mask_8.png
/openbayes/home/pic/L18-137_10_9.png,/openbayes/home/label/L18-137_10_m7_mask_9.png
/openbayes/home/pic/L18-137_2_1.png,/openbayes/home/label/L18-137_2_m7_mask_1.png
/openbayes/home/pic/L18-137_2_10.png,/openbayes/home/label/L18-137_2_m7_mask_10.png
/openbayes/home/pic/L18-137_2_11.png,/openbayes/home/label/L18-137_2_m7_mask_11.png
/openbayes/home/pic/L18-137_2_12.png,/openbayes/home/label/L18-137_2_m7_mask_12.png
/openbayes/home/pic/L18-137_2_13.png,/openbayes/home/label/L18-137_2_m7_mask_13.png
/openbayes/home/pic/L18-137_2_14.png,/openbayes/home/label/L18-137_2_m7_mask_14.png
/openbayes/home/pic/L18-137_2_15.png,/openbayes/home/label/L18-137_2_m7_mask_15.png
/openbayes/home/pic/L18-137_2_16.png,/openbayes/home/label/L18-137_2_m7_mask_16.png
/openbayes/home/pic/L18-137_2_2.png,/openbayes/home/label/L18-137_2_m7_mask_2.png
/openbayes/home/pic/L18-137_2_3.png,/openbayes/home/label/L18-137_2_m7_mask_3.png
/openbayes/home/pic/L18-137_2_4.png,/openbayes/home/label/L18-137_2_m7_mask_4.png
/openbayes/home/pic/L18-137_2_5.png,/openbayes/home/label/L18-137_2_m7_mask_5.png
/openbayes/home/pic/L18-137_2_6.png,/openbayes/home/label/L18-137_2_m7_mask_6.png
/openbayes/home/pic/L18-137_2_7.png,/openbayes/home/label/L18-137_2_m7_mask_7.png
/openbayes/home/pic/L18-137_2_8.png,/openbayes/home/label/L18-137_2_m7_mask_8.png
/openbayes/home/pic/L18-137_2_9.png,/openbayes/home/label/L18-137_2_m7_mask_9.png
/openbayes/home/pic/L18-137_4_1.png,/openbayes/home/label/L18-137_4_m7_mask_1.png
/openbayes/home/pic/L18-137_4_10.png,/openbayes/home/label/L18-137_4_m7_mask_10.png
/openbayes/home/pic/L18-137_4_11.png,/openbayes/home/label/L18-137_4_m7_mask_11.png
/openbayes/home/pic/L18-137_4_12.png,/openbayes/home/label/L18-137_4_m7_mask_12.png
/openbayes/home/pic/L18-137_4_13.png,/openbayes/home/label/L18-137_4_m7_mask_13.png
/openbayes/home/pic/L18-137_4_14.png,/openbayes/home/label/L18-137_4_m7_mask_14.png
/openbayes/home/pic/L18-137_4_15.png,/openbayes/home/label/L18-137_4_m7_mask_15.png
/openbayes/home/pic/L18-137_4_16.png,/openbayes/home/label/L18-137_4_m7_mask_16.png
/openbayes/home/pic/L18-137_4_2.png,/openbayes/home/label/L18-137_4_m7_mask_2.png
/openbayes/home/pic/L18-137_4_3.png,/openbayes/home/label/L18-137_4_m7_mask_3.png
/openbayes/home/pic/L18-137_4_4.png,/openbayes/home/label/L18-137_4_m7_mask_4.png
/openbayes/home/pic/L18-137_4_5.png,/openbayes/home/label/L18-137_4_m7_mask_5.png
/openbayes/home/pic/L18-137_4_6.png,/openbayes/home/label/L18-137_4_m7_mask_6.png
/openbayes/home/pic/L18-137_4_7.png,/openbayes/home/label/L18-137_4_m7_mask_7.png
/openbayes/home/pic/L18-137_4_8.png,/openbayes/home/label/L18-137_4_m7_mask_8.png
/openbayes/home/pic/L18-137_4_9.png,/openbayes/home/label/L18-137_4_m7_mask_9.png
/openbayes/home/pic/L18-137_6_1.png,/openbayes/home/label/L18-137_6_m7_mask_1.png
/openbayes/home/pic/L18-137_6_10.png,/openbayes/home/label/L18-137_6_m7_mask_10.png
/openbayes/home/pic/L18-137_6_11.png,/openbayes/home/label/L18-137_6_m7_mask_11.png
/openbayes/home/pic/L18-137_6_12.png,/openbayes/home/label/L18-137_6_m7_mask_12.png
/openbayes/home/pic/L18-137_6_13.png,/openbayes/home/label/L18-137_6_m7_mask_13.png
/openbayes/home/pic/L18-137_6_14.png,/openbayes/home/label/L18-137_6_m7_mask_14.png
/openbayes/home/pic/L18-137_6_15.png,/openbayes/home/label/L18-137_6_m7_mask_15.png
/openbayes/home/pic/L18-137_6_16.png,/openbayes/home/label/L18-137_6_m7_mask_16.png
/openbayes/home/pic/L18-137_6_2.png,/openbayes/home/label/L18-137_6_m7_mask_2.png
/openbayes/home/pic/L18-137_6_3.png,/openbayes/home/label/L18-137_6_m7_mask_3.png
/openbayes/home/pic/L18-137_6_4.png,/openbayes/home/label/L18-137_6_m7_mask_4.png
/openbayes/home/pic/L18-137_6_5.png,/openbayes/home/label/L18-137_6_m7_mask_5.png
/openbayes/home/pic/L18-137_6_6.png,/openbayes/home/label/L18-137_6_m7_mask_6.png
/openbayes/home/pic/L18-137_6_7.png,/openbayes/home/label/L18-137_6_m7_mask_7.png
/openbayes/home/pic/L18-137_6_8.png,/openbayes/home/label/L18-137_6_m7_mask_8.png
/openbayes/home/pic/L18-137_6_9.png,/openbayes/home/label/L18-137_6_m7_mask_9.png
/openbayes/home/pic/L18-137_8_1.png,/openbayes/home/label/L18-137_8_m7_mask_1.png
/openbayes/home/pic/L18-137_8_10.png,/openbayes/home/label/L18-137_8_m7_mask_10.png
/openbayes/home/pic/L18-137_8_11.png,/openbayes/home/label/L18-137_8_m7_mask_11.png
/openbayes/home/pic/L18-137_8_12.png,/openbayes/home/label/L18-137_8_m7_mask_12.png
/openbayes/home/pic/L18-137_8_13.png,/openbayes/home/label/L18-137_8_m7_mask_13.png
/openbayes/home/pic/L18-137_8_14.png,/openbayes/home/label/L18-137_8_m7_mask_14.png
/openbayes/home/pic/L18-137_8_15.png,/openbayes/home/label/L18-137_8_m7_mask_15.png
/openbayes/home/pic/L18-137_8_16.png,/openbayes/home/label/L18-137_8_m7_mask_16.png
/openbayes/home/pic/L18-137_8_2.png,/openbayes/home/label/L18-137_8_m7_mask_2.png
/openbayes/home/pic/L18-137_8_3.png,/openbayes/home/label/L18-137_8_m7_mask_3.png
/openbayes/home/pic/L18-137_8_4.png,/openbayes/home/label/L18-137_8_m7_mask_4.png
/openbayes/home/pic/L18-137_8_5.png,/openbayes/home/label/L18-137_8_m7_mask_5.png
/openbayes/home/pic/L18-137_8_6.png,/openbayes/home/label/L18-137_8_m7_mask_6.png
/openbayes/home/pic/L18-137_8_7.png,/openbayes/home/label/L18-137_8_m7_mask_7.png
/openbayes/home/pic/L18-137_8_8.png,/openbayes/home/label/L18-137_8_m7_mask_8.png
/openbayes/home/pic/L18-137_8_9.png,/openbayes/home/label/L18-137_8_m7_mask_9.png
/openbayes/home/pic/L18-31_10_1.png,/openbayes/home/label/L18-31_10_m7_mask_1.png
/openbayes/home/pic/L18-31_10_10.png,/openbayes/home/label/L18-31_10_m7_mask_10.png
/openbayes/home/pic/L18-31_10_11.png,/openbayes/home/label/L18-31_10_m7_mask_11.png
/openbayes/home/pic/L18-31_10_12.png,/openbayes/home/label/L18-31_10_m7_mask_12.png
/openbayes/home/pic/L18-31_10_13.png,/openbayes/home/label/L18-31_10_m7_mask_13.png
/openbayes/home/pic/L18-31_10_14.png,/openbayes/home/label/L18-31_10_m7_mask_14.png
/openbayes/home/pic/L18-31_10_15.png,/openbayes/home/label/L18-31_10_m7_mask_15.png
/openbayes/home/pic/L18-31_10_16.png,/openbayes/home/label/L18-31_10_m7_mask_16.png
/openbayes/home/pic/L18-31_10_2.png,/openbayes/home/label/L18-31_10_m7_mask_2.png
/openbayes/home/pic/L18-31_10_3.png,/openbayes/home/label/L18-31_10_m7_mask_3.png
/openbayes/home/pic/L18-31_10_4.png,/openbayes/home/label/L18-31_10_m7_mask_4.png
/openbayes/home/pic/L18-31_10_5.png,/openbayes/home/label/L18-31_10_m7_mask_5.png
/openbayes/home/pic/L18-31_10_6.png,/openbayes/home/label/L18-31_10_m7_mask_6.png
/openbayes/home/pic/L18-31_10_7.png,/openbayes/home/label/L18-31_10_m7_mask_7.png
/openbayes/home/pic/L18-31_10_8.png,/openbayes/home/label/L18-31_10_m7_mask_8.png
/openbayes/home/pic/L18-31_10_9.png,/openbayes/home/label/L18-31_10_m7_mask_9.png
/openbayes/home/pic/L18-31_15_1.png,/openbayes/home/label/L18-31_15_m7_mask_1.png
/openbayes/home/pic/L18-31_15_10.png,/openbayes/home/label/L18-31_15_m7_mask_10.png
/openbayes/home/pic/L18-31_15_11.png,/openbayes/home/label/L18-31_15_m7_mask_11.png
/openbayes/home/pic/L18-31_15_12.png,/openbayes/home/label/L18-31_15_m7_mask_12.png
/openbayes/home/pic/L18-31_15_13.png,/openbayes/home/label/L18-31_15_m7_mask_13.png
/openbayes/home/pic/L18-31_15_14.png,/openbayes/home/label/L18-31_15_m7_mask_14.png
/openbayes/home/pic/L18-31_15_15.png,/openbayes/home/label/L18-31_15_m7_mask_15.png
/openbayes/home/pic/L18-31_15_16.png,/openbayes/home/label/L18-31_15_m7_mask_16.png
/openbayes/home/pic/L18-31_15_2.png,/openbayes/home/label/L18-31_15_m7_mask_2.png
/openbayes/home/pic/L18-31_15_3.png,/openbayes/home/label/L18-31_15_m7_mask_3.png
/openbayes/home/pic/L18-31_15_4.png,/openbayes/home/label/L18-31_15_m7_mask_4.png
/openbayes/home/pic/L18-31_15_5.png,/openbayes/home/label/L18-31_15_m7_mask_5.png
/openbayes/home/pic/L18-31_15_6.png,/openbayes/home/label/L18-31_15_m7_mask_6.png
/openbayes/home/pic/L18-31_15_7.png,/openbayes/home/label/L18-31_15_m7_mask_7.png
/openbayes/home/pic/L18-31_15_8.png,/openbayes/home/label/L18-31_15_m7_mask_8.png
/openbayes/home/pic/L18-31_15_9.png,/openbayes/home/label/L18-31_15_m7_mask_9.png
/openbayes/home/pic/L18-31_16_1.png,/openbayes/home/label/L18-31_16_m7_mask_1.png
/openbayes/home/pic/L18-31_16_10.png,/openbayes/home/label/L18-31_16_m7_mask_10.png
/openbayes/home/pic/L18-31_16_11.png,/openbayes/home/label/L18-31_16_m7_mask_11.png
/openbayes/home/pic/L18-31_16_12.png,/openbayes/home/label/L18-31_16_m7_mask_12.png
/openbayes/home/pic/L18-31_16_13.png,/openbayes/home/label/L18-31_16_m7_mask_13.png
/openbayes/home/pic/L18-31_16_14.png,/openbayes/home/label/L18-31_16_m7_mask_14.png
/openbayes/home/pic/L18-31_16_15.png,/openbayes/home/label/L18-31_16_m7_mask_15.png
/openbayes/home/pic/L18-31_16_16.png,/openbayes/home/label/L18-31_16_m7_mask_16.png
/openbayes/home/pic/L18-31_16_2.png,/openbayes/home/label/L18-31_16_m7_mask_2.png
/openbayes/home/pic/L18-31_16_3.png,/openbayes/home/label/L18-31_16_m7_mask_3.png
/openbayes/home/pic/L18-31_16_4.png,/openbayes/home/label/L18-31_16_m7_mask_4.png
/openbayes/home/pic/L18-31_16_5.png,/openbayes/home/label/L18-31_16_m7_mask_5.png
/openbayes/home/pic/L18-31_16_6.png,/openbayes/home/label/L18-31_16_m7_mask_6.png
/openbayes/home/pic/L18-31_16_7.png,/openbayes/home/label/L18-31_16_m7_mask_7.png
/openbayes/home/pic/L18-31_16_8.png,/openbayes/home/label/L18-31_16_m7_mask_8.png
/openbayes/home/pic/L18-31_16_9.png,/openbayes/home/label/L18-31_16_m7_mask_9.png
/openbayes/home/pic/L18-31_17_1.png,/openbayes/home/label/L18-31_17_m7_mask_1.png
/openbayes/home/pic/L18-31_17_10.png,/openbayes/home/label/L18-31_17_m7_mask_10.png
/openbayes/home/pic/L18-31_17_11.png,/openbayes/home/label/L18-31_17_m7_mask_11.png
/openbayes/home/pic/L18-31_17_12.png,/openbayes/home/label/L18-31_17_m7_mask_12.png
/openbayes/home/pic/L18-31_17_13.png,/openbayes/home/label/L18-31_17_m7_mask_13.png
/openbayes/home/pic/L18-31_17_14.png,/openbayes/home/label/L18-31_17_m7_mask_14.png
/openbayes/home/pic/L18-31_17_15.png,/openbayes/home/label/L18-31_17_m7_mask_15.png
/openbayes/home/pic/L18-31_17_16.png,/openbayes/home/label/L18-31_17_m7_mask_16.png
/openbayes/home/pic/L18-31_17_2.png,/openbayes/home/label/L18-31_17_m7_mask_2.png
/openbayes/home/pic/L18-31_17_3.png,/openbayes/home/label/L18-31_17_m7_mask_3.png
/openbayes/home/pic/L18-31_17_4.png,/openbayes/home/label/L18-31_17_m7_mask_4.png
/openbayes/home/pic/L18-31_17_5.png,/openbayes/home/label/L18-31_17_m7_mask_5.png
/openbayes/home/pic/L18-31_17_6.png,/openbayes/home/label/L18-31_17_m7_mask_6.png
/openbayes/home/pic/L18-31_17_7.png,/openbayes/home/label/L18-31_17_m7_mask_7.png
/openbayes/home/pic/L18-31_17_8.png,/openbayes/home/label/L18-31_17_m7_mask_8.png
/openbayes/home/pic/L18-31_17_9.png,/openbayes/home/label/L18-31_17_m7_mask_9.png
/openbayes/home/pic/L18-31_18_1.png,/openbayes/home/label/L18-31_18_m7_mask_1.png
/openbayes/home/pic/L18-31_18_10.png,/openbayes/home/label/L18-31_18_m7_mask_10.png
/openbayes/home/pic/L18-31_18_11.png,/openbayes/home/label/L18-31_18_m7_mask_11.png
/openbayes/home/pic/L18-31_18_12.png,/openbayes/home/label/L18-31_18_m7_mask_12.png
/openbayes/home/pic/L18-31_18_13.png,/openbayes/home/label/L18-31_18_m7_mask_13.png
/openbayes/home/pic/L18-31_18_14.png,/openbayes/home/label/L18-31_18_m7_mask_14.png
/openbayes/home/pic/L18-31_18_15.png,/openbayes/home/label/L18-31_18_m7_mask_15.png
/openbayes/home/pic/L18-31_18_16.png,/openbayes/home/label/L18-31_18_m7_mask_16.png
/openbayes/home/pic/L18-31_18_2.png,/openbayes/home/label/L18-31_18_m7_mask_2.png
/openbayes/home/pic/L18-31_18_3.png,/openbayes/home/label/L18-31_18_m7_mask_3.png
/openbayes/home/pic/L18-31_18_4.png,/openbayes/home/label/L18-31_18_m7_mask_4.png
/openbayes/home/pic/L18-31_18_5.png,/openbayes/home/label/L18-31_18_m7_mask_5.png
/openbayes/home/pic/L18-31_18_6.png,/openbayes/home/label/L18-31_18_m7_mask_6.png
/openbayes/home/pic/L18-31_18_7.png,/openbayes/home/label/L18-31_18_m7_mask_7.png
/openbayes/home/pic/L18-31_18_8.png,/openbayes/home/label/L18-31_18_m7_mask_8.png
/openbayes/home/pic/L18-31_18_9.png,/openbayes/home/label/L18-31_18_m7_mask_9.png
/openbayes/home/pic/L18-31_23_1.png,/openbayes/home/label/L18-31_23_m7_mask_1.png
/openbayes/home/pic/L18-31_23_10.png,/openbayes/home/label/L18-31_23_m7_mask_10.png
/openbayes/home/pic/L18-31_23_11.png,/openbayes/home/label/L18-31_23_m7_mask_11.png
/openbayes/home/pic/L18-31_23_12.png,/openbayes/home/label/L18-31_23_m7_mask_12.png
/openbayes/home/pic/L18-31_23_13.png,/openbayes/home/label/L18-31_23_m7_mask_13.png
/openbayes/home/pic/L18-31_23_14.png,/openbayes/home/label/L18-31_23_m7_mask_14.png
/openbayes/home/pic/L18-31_23_15.png,/openbayes/home/label/L18-31_23_m7_mask_15.png
/openbayes/home/pic/L18-31_23_16.png,/openbayes/home/label/L18-31_23_m7_mask_16.png
/openbayes/home/pic/L18-31_23_2.png,/openbayes/home/label/L18-31_23_m7_mask_2.png
/openbayes/home/pic/L18-31_23_3.png,/openbayes/home/label/L18-31_23_m7_mask_3.png
/openbayes/home/pic/L18-31_23_4.png,/openbayes/home/label/L18-31_23_m7_mask_4.png
/openbayes/home/pic/L18-31_23_5.png,/openbayes/home/label/L18-31_23_m7_mask_5.png
/openbayes/home/pic/L18-31_23_6.png,/openbayes/home/label/L18-31_23_m7_mask_6.png
/openbayes/home/pic/L18-31_23_7.png,/openbayes/home/label/L18-31_23_m7_mask_7.png
/openbayes/home/pic/L18-31_23_8.png,/openbayes/home/label/L18-31_23_m7_mask_8.png
/openbayes/home/pic/L18-31_23_9.png,/openbayes/home/label/L18-31_23_m7_mask_9.png
/openbayes/home/pic/L18-31_24_1.png,/openbayes/home/label/L18-31_24_m7_mask_1.png
/openbayes/home/pic/L18-31_24_10.png,/openbayes/home/label/L18-31_24_m7_mask_10.png
/openbayes/home/pic/L18-31_24_11.png,/openbayes/home/label/L18-31_24_m7_mask_11.png
/openbayes/home/pic/L18-31_24_12.png,/openbayes/home/label/L18-31_24_m7_mask_12.png
/openbayes/home/pic/L18-31_24_13.png,/openbayes/home/label/L18-31_24_m7_mask_13.png
/openbayes/home/pic/L18-31_24_14.png,/openbayes/home/label/L18-31_24_m7_mask_14.png
/openbayes/home/pic/L18-31_24_15.png,/openbayes/home/label/L18-31_24_m7_mask_15.png
/openbayes/home/pic/L18-31_24_16.png,/openbayes/home/label/L18-31_24_m7_mask_16.png
/openbayes/home/pic/L18-31_24_2.png,/openbayes/home/label/L18-31_24_m7_mask_2.png
/openbayes/home/pic/L18-31_24_3.png,/openbayes/home/label/L18-31_24_m7_mask_3.png
/openbayes/home/pic/L18-31_24_4.png,/openbayes/home/label/L18-31_24_m7_mask_4.png
/openbayes/home/pic/L18-31_24_5.png,/openbayes/home/label/L18-31_24_m7_mask_5.png
/openbayes/home/pic/L18-31_24_6.png,/openbayes/home/label/L18-31_24_m7_mask_6.png
/openbayes/home/pic/L18-31_24_7.png,/openbayes/home/label/L18-31_24_m7_mask_7.png
/openbayes/home/pic/L18-31_24_8.png,/openbayes/home/label/L18-31_24_m7_mask_8.png
/openbayes/home/pic/L18-31_24_9.png,/openbayes/home/label/L18-31_24_m7_mask_9.png
/openbayes/home/pic/L18-31_26_1.png,/openbayes/home/label/L18-31_26_m7_mask_1.png
/openbayes/home/pic/L18-31_26_10.png,/openbayes/home/label/L18-31_26_m7_mask_10.png
/openbayes/home/pic/L18-31_26_11.png,/openbayes/home/label/L18-31_26_m7_mask_11.png
/openbayes/home/pic/L18-31_26_12.png,/openbayes/home/label/L18-31_26_m7_mask_12.png
/openbayes/home/pic/L18-31_26_13.png,/openbayes/home/label/L18-31_26_m7_mask_13.png
/openbayes/home/pic/L18-31_26_14.png,/openbayes/home/label/L18-31_26_m7_mask_14.png
/openbayes/home/pic/L18-31_26_15.png,/openbayes/home/label/L18-31_26_m7_mask_15.png
/openbayes/home/pic/L18-31_26_16.png,/openbayes/home/label/L18-31_26_m7_mask_16.png
/openbayes/home/pic/L18-31_26_2.png,/openbayes/home/label/L18-31_26_m7_mask_2.png
/openbayes/home/pic/L18-31_26_3.png,/openbayes/home/label/L18-31_26_m7_mask_3.png
/openbayes/home/pic/L18-31_26_4.png,/openbayes/home/label/L18-31_26_m7_mask_4.png
/openbayes/home/pic/L18-31_26_5.png,/openbayes/home/label/L18-31_26_m7_mask_5.png
/openbayes/home/pic/L18-31_26_6.png,/openbayes/home/label/L18-31_26_m7_mask_6.png
/openbayes/home/pic/L18-31_26_7.png,/openbayes/home/label/L18-31_26_m7_mask_7.png
/openbayes/home/pic/L18-31_26_8.png,/openbayes/home/label/L18-31_26_m7_mask_8.png
/openbayes/home/pic/L18-31_26_9.png,/openbayes/home/label/L18-31_26_m7_mask_9.png
/openbayes/home/pic/L18-31_28_1.png,/openbayes/home/label/L18-31_28_m7_mask_1.png
/openbayes/home/pic/L18-31_28_10.png,/openbayes/home/label/L18-31_28_m7_mask_10.png
/openbayes/home/pic/L18-31_28_11.png,/openbayes/home/label/L18-31_28_m7_mask_11.png
/openbayes/home/pic/L18-31_28_12.png,/openbayes/home/label/L18-31_28_m7_mask_12.png
/openbayes/home/pic/L18-31_28_13.png,/openbayes/home/label/L18-31_28_m7_mask_13.png
/openbayes/home/pic/L18-31_28_14.png,/openbayes/home/label/L18-31_28_m7_mask_14.png
/openbayes/home/pic/L18-31_28_15.png,/openbayes/home/label/L18-31_28_m7_mask_15.png
/openbayes/home/pic/L18-31_28_16.png,/openbayes/home/label/L18-31_28_m7_mask_16.png
/openbayes/home/pic/L18-31_28_2.png,/openbayes/home/label/L18-31_28_m7_mask_2.png
/openbayes/home/pic/L18-31_28_3.png,/openbayes/home/label/L18-31_28_m7_mask_3.png
/openbayes/home/pic/L18-31_28_4.png,/openbayes/home/label/L18-31_28_m7_mask_4.png
/openbayes/home/pic/L18-31_28_5.png,/openbayes/home/label/L18-31_28_m7_mask_5.png
/openbayes/home/pic/L18-31_28_6.png,/openbayes/home/label/L18-31_28_m7_mask_6.png
/openbayes/home/pic/L18-31_28_7.png,/openbayes/home/label/L18-31_28_m7_mask_7.png
/openbayes/home/pic/L18-31_28_8.png,/openbayes/home/label/L18-31_28_m7_mask_8.png
/openbayes/home/pic/L18-31_28_9.png,/openbayes/home/label/L18-31_28_m7_mask_9.png
/openbayes/home/pic/L18-31_3_1.png,/openbayes/home/label/L18-31_3_m7_mask_1.png
/openbayes/home/pic/L18-31_3_10.png,/openbayes/home/label/L18-31_3_m7_mask_10.png
/openbayes/home/pic/L18-31_3_11.png,/openbayes/home/label/L18-31_3_m7_mask_11.png
/openbayes/home/pic/L18-31_3_12.png,/openbayes/home/label/L18-31_3_m7_mask_12.png
/openbayes/home/pic/L18-31_3_13.png,/openbayes/home/label/L18-31_3_m7_mask_13.png
/openbayes/home/pic/L18-31_3_14.png,/openbayes/home/label/L18-31_3_m7_mask_14.png
/openbayes/home/pic/L18-31_3_15.png,/openbayes/home/label/L18-31_3_m7_mask_15.png
/openbayes/home/pic/L18-31_3_16.png,/openbayes/home/label/L18-31_3_m7_mask_16.png
/openbayes/home/pic/L18-31_3_2.png,/openbayes/home/label/L18-31_3_m7_mask_2.png
/openbayes/home/pic/L18-31_3_3.png,/openbayes/home/label/L18-31_3_m7_mask_3.png
/openbayes/home/pic/L18-31_3_4.png,/openbayes/home/label/L18-31_3_m7_mask_4.png
/openbayes/home/pic/L18-31_3_5.png,/openbayes/home/label/L18-31_3_m7_mask_5.png
/openbayes/home/pic/L18-31_3_6.png,/openbayes/home/label/L18-31_3_m7_mask_6.png
/openbayes/home/pic/L18-31_3_7.png,/openbayes/home/label/L18-31_3_m7_mask_7.png
/openbayes/home/pic/L18-31_3_8.png,/openbayes/home/label/L18-31_3_m7_mask_8.png
/openbayes/home/pic/L18-31_3_9.png,/openbayes/home/label/L18-31_3_m7_mask_9.png
/openbayes/home/pic/L18-31_30_1.png,/openbayes/home/label/L18-31_30_m7_mask_1.png
/openbayes/home/pic/L18-31_30_10.png,/openbayes/home/label/L18-31_30_m7_mask_10.png
/openbayes/home/pic/L18-31_30_11.png,/openbayes/home/label/L18-31_30_m7_mask_11.png
/openbayes/home/pic/L18-31_30_12.png,/openbayes/home/label/L18-31_30_m7_mask_12.png
/openbayes/home/pic/L18-31_30_13.png,/openbayes/home/label/L18-31_30_m7_mask_13.png
/openbayes/home/pic/L18-31_30_14.png,/openbayes/home/label/L18-31_30_m7_mask_14.png
/openbayes/home/pic/L18-31_30_15.png,/openbayes/home/label/L18-31_30_m7_mask_15.png
/openbayes/home/pic/L18-31_30_16.png,/openbayes/home/label/L18-31_30_m7_mask_16.png
/openbayes/home/pic/L18-31_30_2.png,/openbayes/home/label/L18-31_30_m7_mask_2.png
/openbayes/home/pic/L18-31_30_3.png,/openbayes/home/label/L18-31_30_m7_mask_3.png
/openbayes/home/pic/L18-31_30_4.png,/openbayes/home/label/L18-31_30_m7_mask_4.png
/openbayes/home/pic/L18-31_30_5.png,/openbayes/home/label/L18-31_30_m7_mask_5.png
/openbayes/home/pic/L18-31_30_6.png,/openbayes/home/label/L18-31_30_m7_mask_6.png
/openbayes/home/pic/L18-31_30_7.png,/openbayes/home/label/L18-31_30_m7_mask_7.png
/openbayes/home/pic/L18-31_30_8.png,/openbayes/home/label/L18-31_30_m7_mask_8.png
/openbayes/home/pic/L18-31_30_9.png,/openbayes/home/label/L18-31_30_m7_mask_9.png
/openbayes/home/pic/L18-31_33_1.png,/openbayes/home/label/L18-31_33_m7_mask_1.png
/openbayes/home/pic/L18-31_33_10.png,/openbayes/home/label/L18-31_33_m7_mask_10.png
/openbayes/home/pic/L18-31_33_11.png,/openbayes/home/label/L18-31_33_m7_mask_11.png
/openbayes/home/pic/L18-31_33_12.png,/openbayes/home/label/L18-31_33_m7_mask_12.png
/openbayes/home/pic/L18-31_33_13.png,/openbayes/home/label/L18-31_33_m7_mask_13.png
/openbayes/home/pic/L18-31_33_14.png,/openbayes/home/label/L18-31_33_m7_mask_14.png
/openbayes/home/pic/L18-31_33_15.png,/openbayes/home/label/L18-31_33_m7_mask_15.png
/openbayes/home/pic/L18-31_33_16.png,/openbayes/home/label/L18-31_33_m7_mask_16.png
/openbayes/home/pic/L18-31_33_2.png,/openbayes/home/label/L18-31_33_m7_mask_2.png
/openbayes/home/pic/L18-31_33_3.png,/openbayes/home/label/L18-31_33_m7_mask_3.png
/openbayes/home/pic/L18-31_33_4.png,/openbayes/home/label/L18-31_33_m7_mask_4.png
/openbayes/home/pic/L18-31_33_5.png,/openbayes/home/label/L18-31_33_m7_mask_5.png
/openbayes/home/pic/L18-31_33_6.png,/openbayes/home/label/L18-31_33_m7_mask_6.png
/openbayes/home/pic/L18-31_33_7.png,/openbayes/home/label/L18-31_33_m7_mask_7.png
/openbayes/home/pic/L18-31_33_8.png,/openbayes/home/label/L18-31_33_m7_mask_8.png
/openbayes/home/pic/L18-31_33_9.png,/openbayes/home/label/L18-31_33_m7_mask_9.png
/openbayes/home/pic/L18-31_7_1.png,/openbayes/home/label/L18-31_7_m7_mask_1.png
/openbayes/home/pic/L18-31_7_10.png,/openbayes/home/label/L18-31_7_m7_mask_10.png
/openbayes/home/pic/L18-31_7_11.png,/openbayes/home/label/L18-31_7_m7_mask_11.png
/openbayes/home/pic/L18-31_7_12.png,/openbayes/home/label/L18-31_7_m7_mask_12.png
/openbayes/home/pic/L18-31_7_13.png,/openbayes/home/label/L18-31_7_m7_mask_13.png
/openbayes/home/pic/L18-31_7_14.png,/openbayes/home/label/L18-31_7_m7_mask_14.png
/openbayes/home/pic/L18-31_7_15.png,/openbayes/home/label/L18-31_7_m7_mask_15.png
/openbayes/home/pic/L18-31_7_16.png,/openbayes/home/label/L18-31_7_m7_mask_16.png
/openbayes/home/pic/L18-31_7_2.png,/openbayes/home/label/L18-31_7_m7_mask_2.png
/openbayes/home/pic/L18-31_7_3.png,/openbayes/home/label/L18-31_7_m7_mask_3.png
/openbayes/home/pic/L18-31_7_4.png,/openbayes/home/label/L18-31_7_m7_mask_4.png
/openbayes/home/pic/L18-31_7_5.png,/openbayes/home/label/L18-31_7_m7_mask_5.png
/openbayes/home/pic/L18-31_7_6.png,/openbayes/home/label/L18-31_7_m7_mask_6.png
/openbayes/home/pic/L18-31_7_7.png,/openbayes/home/label/L18-31_7_m7_mask_7.png
/openbayes/home/pic/L18-31_7_8.png,/openbayes/home/label/L18-31_7_m7_mask_8.png
/openbayes/home/pic/L18-31_7_9.png,/openbayes/home/label/L18-31_7_m7_mask_9.png
